Paper ID, Title, Reviewer email address, Reviewer name
Submission #0, Title of Submission #0, Email address of Reviewer #0, Name of Reviewer #0
Submission #0, Title of Submission #0, Email address of Reviewer #1, Name of Reviewer #1
Submission #0, Title of Submission #0, Email address of Reviewer #2, Name of Reviewer #2
Submission #0, Title of Submission #0, Email address of Reviewer #3, Name of Reviewer #3
Submission #1, Title of Submission #1, Email address of Reviewer #4, Name of Reviewer #4
Submission #1, Title of Submission #1, Email address of Reviewer #5, Name of Reviewer #5
Submission #1, Title of Submission #1, Email address of Reviewer #6, Name of Reviewer #6
Submission #2, Title of Submission #2, Email address of Reviewer #7, Name of Reviewer #7
Submission #2, Title of Submission #2, Email address of Reviewer #8, Name of Reviewer #8
Submission #2, Title of Submission #2, Email address of Reviewer #9, Name of Reviewer #9
Submission #3, Title of Submission #3, Email address of Reviewer #10, Name of Reviewer #10
Submission #3, Title of Submission #3, Email address of Reviewer #11, Name of Reviewer #11
Submission #3, Title of Submission #3, Email address of Reviewer #12, Name of Reviewer #12
Submission #3, Title of Submission #3, Email address of Reviewer #13, Name of Reviewer #13
Submission #4, Title of Submission #4, Email address of Reviewer #14, Name of Reviewer #14
Submission #4, Title of Submission #4, Email address of Reviewer #15, Name of Reviewer #15
Submission #4, Title of Submission #4, Email address of Reviewer #16, Name of Reviewer #16
Submission #5, Title of Submission #5, Email address of Reviewer #17, Name of Reviewer #17
Submission #5, Title of Submission #5, Email address of Reviewer #18, Name of Reviewer #18
Submission #5, Title of Submission #5, Email address of Reviewer #19, Name of Reviewer #19
Submission #5, Title of Submission #5, Email address of Reviewer #20, Name of Reviewer #20
Submission #6, Title of Submission #6, Email address of Reviewer #3, Name of Reviewer #3
Submission #6, Title of Submission #6, Email address of Reviewer #1, Name of Reviewer #1
Submission #6, Title of Submission #6, Email address of Reviewer #21, Name of Reviewer #21
Submission #6, Title of Submission #6, Email address of Reviewer #22, Name of Reviewer #22
Submission #7, Title of Submission #7, Email address of Reviewer #19, Name of Reviewer #19
Submission #7, Title of Submission #7, Email address of Reviewer #23, Name of Reviewer #23
Submission #7, Title of Submission #7, Email address of Reviewer #24, Name of Reviewer #24
Submission #8, Title of Submission #8, Email address of Reviewer #17, Name of Reviewer #17
Submission #8, Title of Submission #8, Email address of Reviewer #2, Name of Reviewer #2
Submission #8, Title of Submission #8, Email address of Reviewer #11, Name of Reviewer #11
Submission #9, Title of Submission #9, Email address of Reviewer #25, Name of Reviewer #25
Submission #9, Title of Submission #9, Email address of Reviewer #26, Name of Reviewer #26
Submission #9, Title of Submission #9, Email address of Reviewer #27, Name of Reviewer #27
Submission #10, Title of Submission #10, Email address of Reviewer #12, Name of Reviewer #12
Submission #10, Title of Submission #10, Email address of Reviewer #11, Name of Reviewer #11
Submission #10, Title of Submission #10, Email address of Reviewer #14, Name of Reviewer #14
Submission #11, Title of Submission #11, Email address of Reviewer #28, Name of Reviewer #28
Submission #11, Title of Submission #11, Email address of Reviewer #29, Name of Reviewer #29
Submission #11, Title of Submission #11, Email address of Reviewer #30, Name of Reviewer #30
Submission #12, Title of Submission #12, Email address of Reviewer #26, Name of Reviewer #26
Submission #12, Title of Submission #12, Email address of Reviewer #15, Name of Reviewer #15
Submission #12, Title of Submission #12, Email address of Reviewer #31, Name of Reviewer #31
Submission #13, Title of Submission #13, Email address of Reviewer #32, Name of Reviewer #32
Submission #13, Title of Submission #13, Email address of Reviewer #8, Name of Reviewer #8
Submission #13, Title of Submission #13, Email address of Reviewer #16, Name of Reviewer #16
Submission #13, Title of Submission #13, Email address of Reviewer #33, Name of Reviewer #33
Submission #14, Title of Submission #14, Email address of Reviewer #5, Name of Reviewer #5
Submission #14, Title of Submission #14, Email address of Reviewer #4, Name of Reviewer #4
Submission #14, Title of Submission #14, Email address of Reviewer #24, Name of Reviewer #24
Submission #15, Title of Submission #15, Email address of Reviewer #8, Name of Reviewer #8
Submission #15, Title of Submission #15, Email address of Reviewer #34, Name of Reviewer #34
Submission #15, Title of Submission #15, Email address of Reviewer #2, Name of Reviewer #2
Submission #16, Title of Submission #16, Email address of Reviewer #26, Name of Reviewer #26
Submission #16, Title of Submission #16, Email address of Reviewer #18, Name of Reviewer #18
Submission #16, Title of Submission #16, Email address of Reviewer #15, Name of Reviewer #15
Submission #16, Title of Submission #16, Email address of Reviewer #33, Name of Reviewer #33
Submission #17, Title of Submission #17, Email address of Reviewer #22, Name of Reviewer #22
Submission #17, Title of Submission #17, Email address of Reviewer #13, Name of Reviewer #13
Submission #17, Title of Submission #17, Email address of Reviewer #31, Name of Reviewer #31
Submission #18, Title of Submission #18, Email address of Reviewer #35, Name of Reviewer #35
Submission #18, Title of Submission #18, Email address of Reviewer #28, Name of Reviewer #28
Submission #18, Title of Submission #18, Email address of Reviewer #13, Name of Reviewer #13
Submission #19, Title of Submission #19, Email address of Reviewer #34, Name of Reviewer #34
Submission #19, Title of Submission #19, Email address of Reviewer #2, Name of Reviewer #2
Submission #19, Title of Submission #19, Email address of Reviewer #8, Name of Reviewer #8
Submission #20, Title of Submission #20, Email address of Reviewer #36, Name of Reviewer #36
Submission #20, Title of Submission #20, Email address of Reviewer #37, Name of Reviewer #37
Submission #20, Title of Submission #20, Email address of Reviewer #35, Name of Reviewer #35
Submission #21, Title of Submission #21, Email address of Reviewer #34, Name of Reviewer #34
Submission #21, Title of Submission #21, Email address of Reviewer #2, Name of Reviewer #2
Submission #21, Title of Submission #21, Email address of Reviewer #7, Name of Reviewer #7
Submission #22, Title of Submission #22, Email address of Reviewer #31, Name of Reviewer #31
Submission #22, Title of Submission #22, Email address of Reviewer #1, Name of Reviewer #1
Submission #22, Title of Submission #22, Email address of Reviewer #38, Name of Reviewer #38
Submission #23, Title of Submission #23, Email address of Reviewer #39, Name of Reviewer #39
Submission #23, Title of Submission #23, Email address of Reviewer #40, Name of Reviewer #40
Submission #23, Title of Submission #23, Email address of Reviewer #41, Name of Reviewer #41
Submission #24, Title of Submission #24, Email address of Reviewer #42, Name of Reviewer #42
Submission #24, Title of Submission #24, Email address of Reviewer #39, Name of Reviewer #39
Submission #24, Title of Submission #24, Email address of Reviewer #43, Name of Reviewer #43
Submission #25, Title of Submission #25, Email address of Reviewer #5, Name of Reviewer #5
Submission #25, Title of Submission #25, Email address of Reviewer #21, Name of Reviewer #21
Submission #25, Title of Submission #25, Email address of Reviewer #4, Name of Reviewer #4
Submission #26, Title of Submission #26, Email address of Reviewer #44, Name of Reviewer #44
Submission #26, Title of Submission #26, Email address of Reviewer #2, Name of Reviewer #2
Submission #26, Title of Submission #26, Email address of Reviewer #9, Name of Reviewer #9
Submission #26, Title of Submission #26, Email address of Reviewer #7, Name of Reviewer #7
Submission #26, Title of Submission #26, Email address of Reviewer #8, Name of Reviewer #8
Submission #27, Title of Submission #27, Email address of Reviewer #22, Name of Reviewer #22
Submission #27, Title of Submission #27, Email address of Reviewer #45, Name of Reviewer #45
Submission #27, Title of Submission #27, Email address of Reviewer #32, Name of Reviewer #32
Submission #28, Title of Submission #28, Email address of Reviewer #26, Name of Reviewer #26
Submission #28, Title of Submission #28, Email address of Reviewer #13, Name of Reviewer #13
Submission #28, Title of Submission #28, Email address of Reviewer #14, Name of Reviewer #14
Submission #29, Title of Submission #29, Email address of Reviewer #46, Name of Reviewer #46
Submission #29, Title of Submission #29, Email address of Reviewer #41, Name of Reviewer #41
Submission #29, Title of Submission #29, Email address of Reviewer #24, Name of Reviewer #24
Submission #30, Title of Submission #30, Email address of Reviewer #47, Name of Reviewer #47
Submission #30, Title of Submission #30, Email address of Reviewer #48, Name of Reviewer #48
Submission #30, Title of Submission #30, Email address of Reviewer #49, Name of Reviewer #49
Submission #31, Title of Submission #31, Email address of Reviewer #17, Name of Reviewer #17
Submission #31, Title of Submission #31, Email address of Reviewer #43, Name of Reviewer #43
Submission #31, Title of Submission #31, Email address of Reviewer #50, Name of Reviewer #50
Submission #32, Title of Submission #32, Email address of Reviewer #51, Name of Reviewer #51
Submission #32, Title of Submission #32, Email address of Reviewer #36, Name of Reviewer #36
Submission #32, Title of Submission #32, Email address of Reviewer #42, Name of Reviewer #42
Submission #33, Title of Submission #33, Email address of Reviewer #15, Name of Reviewer #15
Submission #33, Title of Submission #33, Email address of Reviewer #1, Name of Reviewer #1
Submission #33, Title of Submission #33, Email address of Reviewer #20, Name of Reviewer #20
Submission #33, Title of Submission #33, Email address of Reviewer #41, Name of Reviewer #41
Submission #34, Title of Submission #34, Email address of Reviewer #52, Name of Reviewer #52
Submission #34, Title of Submission #34, Email address of Reviewer #5, Name of Reviewer #5
Submission #34, Title of Submission #34, Email address of Reviewer #33, Name of Reviewer #33
Submission #34, Title of Submission #34, Email address of Reviewer #12, Name of Reviewer #12
Submission #35, Title of Submission #35, Email address of Reviewer #38, Name of Reviewer #38
Submission #35, Title of Submission #35, Email address of Reviewer #53, Name of Reviewer #53
Submission #35, Title of Submission #35, Email address of Reviewer #54, Name of Reviewer #54
Submission #36, Title of Submission #36, Email address of Reviewer #25, Name of Reviewer #25
Submission #36, Title of Submission #36, Email address of Reviewer #32, Name of Reviewer #32
Submission #36, Title of Submission #36, Email address of Reviewer #49, Name of Reviewer #49
Submission #36, Title of Submission #36, Email address of Reviewer #38, Name of Reviewer #38
Submission #37, Title of Submission #37, Email address of Reviewer #5, Name of Reviewer #5
Submission #37, Title of Submission #37, Email address of Reviewer #7, Name of Reviewer #7
Submission #37, Title of Submission #37, Email address of Reviewer #34, Name of Reviewer #34
Submission #38, Title of Submission #38, Email address of Reviewer #55, Name of Reviewer #55
Submission #38, Title of Submission #38, Email address of Reviewer #40, Name of Reviewer #40
Submission #38, Title of Submission #38, Email address of Reviewer #16, Name of Reviewer #16
Submission #39, Title of Submission #39, Email address of Reviewer #7, Name of Reviewer #7
Submission #39, Title of Submission #39, Email address of Reviewer #9, Name of Reviewer #9
Submission #39, Title of Submission #39, Email address of Reviewer #30, Name of Reviewer #30
Submission #40, Title of Submission #40, Email address of Reviewer #56, Name of Reviewer #56
Submission #40, Title of Submission #40, Email address of Reviewer #11, Name of Reviewer #11
Submission #40, Title of Submission #40, Email address of Reviewer #34, Name of Reviewer #34
Submission #41, Title of Submission #41, Email address of Reviewer #6, Name of Reviewer #6
Submission #41, Title of Submission #41, Email address of Reviewer #57, Name of Reviewer #57
Submission #41, Title of Submission #41, Email address of Reviewer #43, Name of Reviewer #43
Submission #42, Title of Submission #42, Email address of Reviewer #46, Name of Reviewer #46
Submission #42, Title of Submission #42, Email address of Reviewer #16, Name of Reviewer #16
Submission #42, Title of Submission #42, Email address of Reviewer #50, Name of Reviewer #50
Submission #42, Title of Submission #42, Email address of Reviewer #36, Name of Reviewer #36
Submission #43, Title of Submission #43, Email address of Reviewer #14, Name of Reviewer #14
Submission #43, Title of Submission #43, Email address of Reviewer #47, Name of Reviewer #47
Submission #43, Title of Submission #43, Email address of Reviewer #39, Name of Reviewer #39
Submission #44, Title of Submission #44, Email address of Reviewer #6, Name of Reviewer #6
Submission #44, Title of Submission #44, Email address of Reviewer #40, Name of Reviewer #40
Submission #44, Title of Submission #44, Email address of Reviewer #36, Name of Reviewer #36
Submission #45, Title of Submission #45, Email address of Reviewer #38, Name of Reviewer #38
Submission #45, Title of Submission #45, Email address of Reviewer #35, Name of Reviewer #35
Submission #45, Title of Submission #45, Email address of Reviewer #36, Name of Reviewer #36
Submission #46, Title of Submission #46, Email address of Reviewer #13, Name of Reviewer #13
Submission #46, Title of Submission #46, Email address of Reviewer #45, Name of Reviewer #45
Submission #46, Title of Submission #46, Email address of Reviewer #6, Name of Reviewer #6
Submission #47, Title of Submission #47, Email address of Reviewer #58, Name of Reviewer #58
Submission #47, Title of Submission #47, Email address of Reviewer #1, Name of Reviewer #1
Submission #47, Title of Submission #47, Email address of Reviewer #15, Name of Reviewer #15
Submission #47, Title of Submission #47, Email address of Reviewer #53, Name of Reviewer #53
Submission #48, Title of Submission #48, Email address of Reviewer #59, Name of Reviewer #59
Submission #48, Title of Submission #48, Email address of Reviewer #60, Name of Reviewer #60
Submission #48, Title of Submission #48, Email address of Reviewer #29, Name of Reviewer #29
Submission #49, Title of Submission #49, Email address of Reviewer #61, Name of Reviewer #61
Submission #49, Title of Submission #49, Email address of Reviewer #58, Name of Reviewer #58
Submission #49, Title of Submission #49, Email address of Reviewer #45, Name of Reviewer #45
Submission #49, Title of Submission #49, Email address of Reviewer #23, Name of Reviewer #23
Submission #49, Title of Submission #49, Email address of Reviewer #1, Name of Reviewer #1
Submission #50, Title of Submission #50, Email address of Reviewer #33, Name of Reviewer #33
Submission #50, Title of Submission #50, Email address of Reviewer #52, Name of Reviewer #52
Submission #50, Title of Submission #50, Email address of Reviewer #46, Name of Reviewer #46
Submission #51, Title of Submission #51, Email address of Reviewer #54, Name of Reviewer #54
Submission #51, Title of Submission #51, Email address of Reviewer #27, Name of Reviewer #27
Submission #51, Title of Submission #51, Email address of Reviewer #2, Name of Reviewer #2
Submission #51, Title of Submission #51, Email address of Reviewer #15, Name of Reviewer #15
Submission #52, Title of Submission #52, Email address of Reviewer #36, Name of Reviewer #36
Submission #52, Title of Submission #52, Email address of Reviewer #6, Name of Reviewer #6
Submission #52, Title of Submission #52, Email address of Reviewer #37, Name of Reviewer #37
Submission #53, Title of Submission #53, Email address of Reviewer #45, Name of Reviewer #45
Submission #53, Title of Submission #53, Email address of Reviewer #4, Name of Reviewer #4
Submission #53, Title of Submission #53, Email address of Reviewer #52, Name of Reviewer #52
Submission #54, Title of Submission #54, Email address of Reviewer #50, Name of Reviewer #50
Submission #54, Title of Submission #54, Email address of Reviewer #38, Name of Reviewer #38
Submission #54, Title of Submission #54, Email address of Reviewer #42, Name of Reviewer #42
Submission #54, Title of Submission #54, Email address of Reviewer #5, Name of Reviewer #5
Submission #55, Title of Submission #55, Email address of Reviewer #35, Name of Reviewer #35
Submission #55, Title of Submission #55, Email address of Reviewer #37, Name of Reviewer #37
Submission #55, Title of Submission #55, Email address of Reviewer #31, Name of Reviewer #31
Submission #55, Title of Submission #55, Email address of Reviewer #20, Name of Reviewer #20
Submission #56, Title of Submission #56, Email address of Reviewer #42, Name of Reviewer #42
Submission #56, Title of Submission #56, Email address of Reviewer #57, Name of Reviewer #57
Submission #56, Title of Submission #56, Email address of Reviewer #6, Name of Reviewer #6
Submission #56, Title of Submission #56, Email address of Reviewer #40, Name of Reviewer #40
Submission #57, Title of Submission #57, Email address of Reviewer #25, Name of Reviewer #25
Submission #57, Title of Submission #57, Email address of Reviewer #18, Name of Reviewer #18
Submission #57, Title of Submission #57, Email address of Reviewer #26, Name of Reviewer #26
Submission #58, Title of Submission #58, Email address of Reviewer #36, Name of Reviewer #36
Submission #58, Title of Submission #58, Email address of Reviewer #6, Name of Reviewer #6
Submission #58, Title of Submission #58, Email address of Reviewer #28, Name of Reviewer #28
Submission #59, Title of Submission #59, Email address of Reviewer #50, Name of Reviewer #50
Submission #59, Title of Submission #59, Email address of Reviewer #42, Name of Reviewer #42
Submission #59, Title of Submission #59, Email address of Reviewer #17, Name of Reviewer #17
Submission #59, Title of Submission #59, Email address of Reviewer #58, Name of Reviewer #58
Submission #60, Title of Submission #60, Email address of Reviewer #54, Name of Reviewer #54
Submission #60, Title of Submission #60, Email address of Reviewer #62, Name of Reviewer #62
Submission #60, Title of Submission #60, Email address of Reviewer #9, Name of Reviewer #9
Submission #60, Title of Submission #60, Email address of Reviewer #41, Name of Reviewer #41
Submission #61, Title of Submission #61, Email address of Reviewer #23, Name of Reviewer #23
Submission #61, Title of Submission #61, Email address of Reviewer #29, Name of Reviewer #29
Submission #61, Title of Submission #61, Email address of Reviewer #10, Name of Reviewer #10
Submission #62, Title of Submission #62, Email address of Reviewer #58, Name of Reviewer #58
Submission #62, Title of Submission #62, Email address of Reviewer #31, Name of Reviewer #31
Submission #62, Title of Submission #62, Email address of Reviewer #15, Name of Reviewer #15
Submission #63, Title of Submission #63, Email address of Reviewer #46, Name of Reviewer #46
Submission #63, Title of Submission #63, Email address of Reviewer #7, Name of Reviewer #7
Submission #63, Title of Submission #63, Email address of Reviewer #63, Name of Reviewer #63
Submission #63, Title of Submission #63, Email address of Reviewer #57, Name of Reviewer #57
Submission #64, Title of Submission #64, Email address of Reviewer #41, Name of Reviewer #41
Submission #64, Title of Submission #64, Email address of Reviewer #24, Name of Reviewer #24
Submission #64, Title of Submission #64, Email address of Reviewer #39, Name of Reviewer #39
Submission #65, Title of Submission #65, Email address of Reviewer #34, Name of Reviewer #34
Submission #65, Title of Submission #65, Email address of Reviewer #9, Name of Reviewer #9
Submission #65, Title of Submission #65, Email address of Reviewer #14, Name of Reviewer #14
Submission #65, Title of Submission #65, Email address of Reviewer #42, Name of Reviewer #42
Submission #66, Title of Submission #66, Email address of Reviewer #59, Name of Reviewer #59
Submission #66, Title of Submission #66, Email address of Reviewer #29, Name of Reviewer #29
Submission #66, Title of Submission #66, Email address of Reviewer #60, Name of Reviewer #60
Submission #67, Title of Submission #67, Email address of Reviewer #46, Name of Reviewer #46
Submission #67, Title of Submission #67, Email address of Reviewer #48, Name of Reviewer #48
Submission #67, Title of Submission #67, Email address of Reviewer #19, Name of Reviewer #19
Submission #67, Title of Submission #67, Email address of Reviewer #25, Name of Reviewer #25
Submission #68, Title of Submission #68, Email address of Reviewer #3, Name of Reviewer #3
Submission #68, Title of Submission #68, Email address of Reviewer #56, Name of Reviewer #56
Submission #68, Title of Submission #68, Email address of Reviewer #16, Name of Reviewer #16
Submission #69, Title of Submission #69, Email address of Reviewer #58, Name of Reviewer #58
Submission #69, Title of Submission #69, Email address of Reviewer #29, Name of Reviewer #29
Submission #69, Title of Submission #69, Email address of Reviewer #23, Name of Reviewer #23
Submission #70, Title of Submission #70, Email address of Reviewer #12, Name of Reviewer #12
Submission #70, Title of Submission #70, Email address of Reviewer #32, Name of Reviewer #32
Submission #70, Title of Submission #70, Email address of Reviewer #11, Name of Reviewer #11
Submission #70, Title of Submission #70, Email address of Reviewer #9, Name of Reviewer #9
Submission #71, Title of Submission #71, Email address of Reviewer #51, Name of Reviewer #51
Submission #71, Title of Submission #71, Email address of Reviewer #58, Name of Reviewer #58
Submission #71, Title of Submission #71, Email address of Reviewer #36, Name of Reviewer #36
Submission #72, Title of Submission #72, Email address of Reviewer #13, Name of Reviewer #13
Submission #72, Title of Submission #72, Email address of Reviewer #26, Name of Reviewer #26
Submission #72, Title of Submission #72, Email address of Reviewer #7, Name of Reviewer #7
Submission #72, Title of Submission #72, Email address of Reviewer #34, Name of Reviewer #34
Submission #73, Title of Submission #73, Email address of Reviewer #14, Name of Reviewer #14
Submission #73, Title of Submission #73, Email address of Reviewer #53, Name of Reviewer #53
Submission #73, Title of Submission #73, Email address of Reviewer #5, Name of Reviewer #5
Submission #74, Title of Submission #74, Email address of Reviewer #52, Name of Reviewer #52
Submission #74, Title of Submission #74, Email address of Reviewer #6, Name of Reviewer #6
Submission #74, Title of Submission #74, Email address of Reviewer #43, Name of Reviewer #43
Submission #75, Title of Submission #75, Email address of Reviewer #38, Name of Reviewer #38
Submission #75, Title of Submission #75, Email address of Reviewer #40, Name of Reviewer #40
Submission #75, Title of Submission #75, Email address of Reviewer #55, Name of Reviewer #55
Submission #76, Title of Submission #76, Email address of Reviewer #0, Name of Reviewer #0
Submission #76, Title of Submission #76, Email address of Reviewer #9, Name of Reviewer #9
Submission #76, Title of Submission #76, Email address of Reviewer #8, Name of Reviewer #8
Submission #77, Title of Submission #77, Email address of Reviewer #8, Name of Reviewer #8
Submission #77, Title of Submission #77, Email address of Reviewer #34, Name of Reviewer #34
Submission #77, Title of Submission #77, Email address of Reviewer #32, Name of Reviewer #32
Submission #78, Title of Submission #78, Email address of Reviewer #16, Name of Reviewer #16
Submission #78, Title of Submission #78, Email address of Reviewer #52, Name of Reviewer #52
Submission #78, Title of Submission #78, Email address of Reviewer #42, Name of Reviewer #42
Submission #79, Title of Submission #79, Email address of Reviewer #12, Name of Reviewer #12
Submission #79, Title of Submission #79, Email address of Reviewer #38, Name of Reviewer #38
Submission #79, Title of Submission #79, Email address of Reviewer #25, Name of Reviewer #25
Submission #79, Title of Submission #79, Email address of Reviewer #23, Name of Reviewer #23
Submission #80, Title of Submission #80, Email address of Reviewer #10, Name of Reviewer #10
Submission #80, Title of Submission #80, Email address of Reviewer #29, Name of Reviewer #29
Submission #80, Title of Submission #80, Email address of Reviewer #23, Name of Reviewer #23
Submission #81, Title of Submission #81, Email address of Reviewer #36, Name of Reviewer #36
Submission #81, Title of Submission #81, Email address of Reviewer #37, Name of Reviewer #37
Submission #81, Title of Submission #81, Email address of Reviewer #9, Name of Reviewer #9
Submission #82, Title of Submission #82, Email address of Reviewer #33, Name of Reviewer #33
Submission #82, Title of Submission #82, Email address of Reviewer #2, Name of Reviewer #2
Submission #82, Title of Submission #82, Email address of Reviewer #35, Name of Reviewer #35
Submission #83, Title of Submission #83, Email address of Reviewer #12, Name of Reviewer #12
Submission #83, Title of Submission #83, Email address of Reviewer #49, Name of Reviewer #49
Submission #83, Title of Submission #83, Email address of Reviewer #11, Name of Reviewer #11
Submission #84, Title of Submission #84, Email address of Reviewer #42, Name of Reviewer #42
Submission #84, Title of Submission #84, Email address of Reviewer #40, Name of Reviewer #40
Submission #84, Title of Submission #84, Email address of Reviewer #46, Name of Reviewer #46
Submission #85, Title of Submission #85, Email address of Reviewer #50, Name of Reviewer #50
Submission #85, Title of Submission #85, Email address of Reviewer #38, Name of Reviewer #38
Submission #85, Title of Submission #85, Email address of Reviewer #12, Name of Reviewer #12
Submission #86, Title of Submission #86, Email address of Reviewer #17, Name of Reviewer #17
Submission #86, Title of Submission #86, Email address of Reviewer #37, Name of Reviewer #37
Submission #86, Title of Submission #86, Email address of Reviewer #29, Name of Reviewer #29
Submission #87, Title of Submission #87, Email address of Reviewer #12, Name of Reviewer #12
Submission #87, Title of Submission #87, Email address of Reviewer #20, Name of Reviewer #20
Submission #87, Title of Submission #87, Email address of Reviewer #49, Name of Reviewer #49
Submission #88, Title of Submission #88, Email address of Reviewer #34, Name of Reviewer #34
Submission #88, Title of Submission #88, Email address of Reviewer #64, Name of Reviewer #64
Submission #88, Title of Submission #88, Email address of Reviewer #17, Name of Reviewer #17
Submission #89, Title of Submission #89, Email address of Reviewer #27, Name of Reviewer #27
Submission #89, Title of Submission #89, Email address of Reviewer #16, Name of Reviewer #16
Submission #89, Title of Submission #89, Email address of Reviewer #42, Name of Reviewer #42
Submission #90, Title of Submission #90, Email address of Reviewer #65, Name of Reviewer #65
Submission #90, Title of Submission #90, Email address of Reviewer #56, Name of Reviewer #56
Submission #90, Title of Submission #90, Email address of Reviewer #34, Name of Reviewer #34
Submission #90, Title of Submission #90, Email address of Reviewer #58, Name of Reviewer #58
Submission #91, Title of Submission #91, Email address of Reviewer #53, Name of Reviewer #53
Submission #91, Title of Submission #91, Email address of Reviewer #10, Name of Reviewer #10
Submission #91, Title of Submission #91, Email address of Reviewer #4, Name of Reviewer #4
Submission #92, Title of Submission #92, Email address of Reviewer #19, Name of Reviewer #19
Submission #92, Title of Submission #92, Email address of Reviewer #29, Name of Reviewer #29
Submission #92, Title of Submission #92, Email address of Reviewer #17, Name of Reviewer #17
Submission #93, Title of Submission #93, Email address of Reviewer #25, Name of Reviewer #25
Submission #93, Title of Submission #93, Email address of Reviewer #66, Name of Reviewer #66
Submission #93, Title of Submission #93, Email address of Reviewer #10, Name of Reviewer #10
Submission #94, Title of Submission #94, Email address of Reviewer #48, Name of Reviewer #48
Submission #94, Title of Submission #94, Email address of Reviewer #8, Name of Reviewer #8
Submission #94, Title of Submission #94, Email address of Reviewer #50, Name of Reviewer #50
Submission #95, Title of Submission #95, Email address of Reviewer #7, Name of Reviewer #7
Submission #95, Title of Submission #95, Email address of Reviewer #8, Name of Reviewer #8
Submission #95, Title of Submission #95, Email address of Reviewer #30, Name of Reviewer #30
Submission #96, Title of Submission #96, Email address of Reviewer #15, Name of Reviewer #15
Submission #96, Title of Submission #96, Email address of Reviewer #37, Name of Reviewer #37
Submission #96, Title of Submission #96, Email address of Reviewer #19, Name of Reviewer #19
Submission #97, Title of Submission #97, Email address of Reviewer #23, Name of Reviewer #23
Submission #97, Title of Submission #97, Email address of Reviewer #33, Name of Reviewer #33
Submission #97, Title of Submission #97, Email address of Reviewer #29, Name of Reviewer #29
Submission #98, Title of Submission #98, Email address of Reviewer #50, Name of Reviewer #50
Submission #98, Title of Submission #98, Email address of Reviewer #55, Name of Reviewer #55
Submission #98, Title of Submission #98, Email address of Reviewer #52, Name of Reviewer #52
Submission #99, Title of Submission #99, Email address of Reviewer #40, Name of Reviewer #40
Submission #99, Title of Submission #99, Email address of Reviewer #36, Name of Reviewer #36
Submission #99, Title of Submission #99, Email address of Reviewer #28, Name of Reviewer #28
Submission #100, Title of Submission #100, Email address of Reviewer #27, Name of Reviewer #27
Submission #100, Title of Submission #100, Email address of Reviewer #15, Name of Reviewer #15
Submission #100, Title of Submission #100, Email address of Reviewer #49, Name of Reviewer #49
Submission #100, Title of Submission #100, Email address of Reviewer #37, Name of Reviewer #37
Submission #101, Title of Submission #101, Email address of Reviewer #9, Name of Reviewer #9
Submission #101, Title of Submission #101, Email address of Reviewer #2, Name of Reviewer #2
Submission #101, Title of Submission #101, Email address of Reviewer #50, Name of Reviewer #50
Submission #101, Title of Submission #101, Email address of Reviewer #42, Name of Reviewer #42
Submission #102, Title of Submission #102, Email address of Reviewer #34, Name of Reviewer #34
Submission #102, Title of Submission #102, Email address of Reviewer #28, Name of Reviewer #28
Submission #102, Title of Submission #102, Email address of Reviewer #13, Name of Reviewer #13
Submission #103, Title of Submission #103, Email address of Reviewer #57, Name of Reviewer #57
Submission #103, Title of Submission #103, Email address of Reviewer #35, Name of Reviewer #35
Submission #103, Title of Submission #103, Email address of Reviewer #58, Name of Reviewer #58
Submission #103, Title of Submission #103, Email address of Reviewer #7, Name of Reviewer #7
Submission #104, Title of Submission #104, Email address of Reviewer #9, Name of Reviewer #9
Submission #104, Title of Submission #104, Email address of Reviewer #8, Name of Reviewer #8
Submission #104, Title of Submission #104, Email address of Reviewer #7, Name of Reviewer #7
Submission #105, Title of Submission #105, Email address of Reviewer #37, Name of Reviewer #37
Submission #105, Title of Submission #105, Email address of Reviewer #49, Name of Reviewer #49
Submission #105, Title of Submission #105, Email address of Reviewer #8, Name of Reviewer #8
Submission #106, Title of Submission #106, Email address of Reviewer #4, Name of Reviewer #4
Submission #106, Title of Submission #106, Email address of Reviewer #30, Name of Reviewer #30
Submission #106, Title of Submission #106, Email address of Reviewer #53, Name of Reviewer #53
Submission #107, Title of Submission #107, Email address of Reviewer #64, Name of Reviewer #64
Submission #107, Title of Submission #107, Email address of Reviewer #54, Name of Reviewer #54
Submission #107, Title of Submission #107, Email address of Reviewer #55, Name of Reviewer #55
Submission #108, Title of Submission #108, Email address of Reviewer #33, Name of Reviewer #33
Submission #108, Title of Submission #108, Email address of Reviewer #14, Name of Reviewer #14
Submission #108, Title of Submission #108, Email address of Reviewer #47, Name of Reviewer #47
Submission #109, Title of Submission #109, Email address of Reviewer #54, Name of Reviewer #54
Submission #109, Title of Submission #109, Email address of Reviewer #56, Name of Reviewer #56
Submission #109, Title of Submission #109, Email address of Reviewer #21, Name of Reviewer #21
Submission #110, Title of Submission #110, Email address of Reviewer #6, Name of Reviewer #6
Submission #110, Title of Submission #110, Email address of Reviewer #40, Name of Reviewer #40
Submission #110, Title of Submission #110, Email address of Reviewer #50, Name of Reviewer #50
Submission #111, Title of Submission #111, Email address of Reviewer #23, Name of Reviewer #23
Submission #111, Title of Submission #111, Email address of Reviewer #43, Name of Reviewer #43
Submission #111, Title of Submission #111, Email address of Reviewer #3, Name of Reviewer #3
Submission #112, Title of Submission #112, Email address of Reviewer #22, Name of Reviewer #22
Submission #112, Title of Submission #112, Email address of Reviewer #45, Name of Reviewer #45
Submission #112, Title of Submission #112, Email address of Reviewer #25, Name of Reviewer #25
Submission #113, Title of Submission #113, Email address of Reviewer #45, Name of Reviewer #45
Submission #113, Title of Submission #113, Email address of Reviewer #3, Name of Reviewer #3
Submission #113, Title of Submission #113, Email address of Reviewer #46, Name of Reviewer #46
Submission #114, Title of Submission #114, Email address of Reviewer #0, Name of Reviewer #0
Submission #114, Title of Submission #114, Email address of Reviewer #34, Name of Reviewer #34
Submission #114, Title of Submission #114, Email address of Reviewer #2, Name of Reviewer #2
Submission #115, Title of Submission #115, Email address of Reviewer #41, Name of Reviewer #41
Submission #115, Title of Submission #115, Email address of Reviewer #37, Name of Reviewer #37
Submission #115, Title of Submission #115, Email address of Reviewer #46, Name of Reviewer #46
Submission #116, Title of Submission #116, Email address of Reviewer #54, Name of Reviewer #54
Submission #116, Title of Submission #116, Email address of Reviewer #17, Name of Reviewer #17
Submission #116, Title of Submission #116, Email address of Reviewer #64, Name of Reviewer #64
Submission #117, Title of Submission #117, Email address of Reviewer #12, Name of Reviewer #12
Submission #117, Title of Submission #117, Email address of Reviewer #38, Name of Reviewer #38
Submission #117, Title of Submission #117, Email address of Reviewer #60, Name of Reviewer #60
Submission #118, Title of Submission #118, Email address of Reviewer #13, Name of Reviewer #13
Submission #118, Title of Submission #118, Email address of Reviewer #35, Name of Reviewer #35
Submission #118, Title of Submission #118, Email address of Reviewer #33, Name of Reviewer #33
Submission #119, Title of Submission #119, Email address of Reviewer #13, Name of Reviewer #13
Submission #119, Title of Submission #119, Email address of Reviewer #33, Name of Reviewer #33
Submission #119, Title of Submission #119, Email address of Reviewer #25, Name of Reviewer #25
Submission #119, Title of Submission #119, Email address of Reviewer #35, Name of Reviewer #35
Submission #120, Title of Submission #120, Email address of Reviewer #19, Name of Reviewer #19
Submission #120, Title of Submission #120, Email address of Reviewer #37, Name of Reviewer #37
Submission #120, Title of Submission #120, Email address of Reviewer #64, Name of Reviewer #64
